{"halfcheetah-random-v2": {"Dataset": -0.06510611275764}, "halfcheetah-medium-v2": {"Dataset": 40.60242732446217}, "halfcheetah-medium-replay-v2": {"Dataset": 27.02639646923763}, "halfcheetah-medium-expert-v2": {"Dataset": 64.28894954235702}, "halfcheetah-expert-v2": {"Dataset": 87.91350832724079}, "walker2d-random-v2": {"Dataset": 0.005278019541068557}, "walker2d-medium-v2": {"Dataset": 61.941562583573294}, "walker2d-medium-replay-v2": {"Dataset": 14.8065206466445}, "walker2d-medium-expert-v2": {"Dataset": 82.55033224264004}, "walker2d-expert-v2": {"Dataset": 106.9021240935349}, "hopper-random-v2": {"Dataset": 1.18818857821335}, "hopper-medium-v2": {"Dataset": 44.27962441260388}, "hopper-medium-replay-v2": {"Dataset": 14.97351522835598}, "hopper-medium-expert-v2": {"Dataset": 64.77774699781173}, "hopper-expert-v2": {"Dataset": 108.24455488629864}}